HDFC BANK Ltd.,,,,,,
Statement of account,,,,,,
Account No :,50100012345678,,,,,
Period :,01/08/26 To 31/08/26,,,,,
,,,,,,
Date,Narration,Chq./Ref.No.,Value Dt,Withdrawal Amt.,Deposit Amt.,Closing Balance
01/08/26,OPENING BALANCE,,,,,"1,50,000.00"
02/08/26,NEFT CR-ICIC0000104-ACME TRADERS PVT LTD-NETBANK,N214262871234567,02/08/26,,"25,000.00","1,75,000.00"
03/08/26,UPI-RAVI KUMAR-ravi@okhdfc-HDFC0001234-321456789012-RENT,0000321456789012,03/08/26,"18,000.00",,"1,57,000.00"
05/08/26,CHQ PAID-MICR CTS-CH-SHREE PACKAGING,000123,05/08/26,"7,450.50",,"1,49,549.50"
,ADDITIONAL NARRATION FOR CHEQUE 000123,,,,,
07/08/26,IMPS-321987654321-GUPTA STORES-SBIN0001234-INV 44,321987654321,07/08/26,,"12,500.00","1,62,049.50"
09/08/26,ACH D- TP ACH ICICI PRU LIFE-123456789,0000000000000,09/08/26,"2,499.00",,"1,59,550.50"
09/08/26,ACH D- TP ACH ICICI PRU LIFE-123456789,0000000000000,09/08/26,"2,499.00",,"1,57,051.50"
,,,,,,
STATEMENT SUMMARY :-,,,,,,
